sample_id,condition_id,csv_row_id,source_pdf_path,npz_path,preview_path,extract_method,passed_quality,reason_codes,material_id,speed_rpm,temperature_c,r_bore_mm,r_outer_mm,z_width_mm,area_mm2,volume_mm3,min_thickness_mm,max_width_mm,sdf_zero_level_error_mm,semantic_hub_coverage,semantic_web_coverage,semantic_rim_coverage,mass_kg,polar_inertia_kg_mm2,sigma_vm_proxy_mpa,risk_score_proxy,dataset_version,hub_width,web_width,rim_width
sample_129,C_Inco718_RPM11292_T650_OR356_BR87.5,129,D:\sdfdata\data\raw\pdf\sample_129.pdf,D:\sdfdata\data\processed\meridian_samples\sample_129.npz,D:\sdfdata\data\reports\figures\pdf_contour_overlay\sample_129.png,vector,True,,Inco718,11292.0,650.0,87.5,356.0,96.3,11312.596752446763,12762597.252044609,16.271120119389913,96.30051832873474,0.2944761396223352,0.3317198674341531,0.6069684283969998,0.061311704168847,104.52567149424532,5398484.171180917,89200.11646012108,10.0,sdf_meridian_v0.1,39.8,203.45,25.25
sample_132,C_Inco718_RPM11292_T650_OR356_BR87.5,132,D:\sdfdata\data\raw\pdf\sample_132.pdf,D:\sdfdata\data\processed\meridian_samples\sample_132.npz,D:\sdfdata\data\reports\figures\pdf_contour_overlay\sample_132.png,vector,True,,Inco718,11292.0,650.0,87.5,356.0,96.3,12089.619331907452,13861599.468734063,19.34996172791273,96.30051832873474,0.2884268183873464,0.3192687505100792,0.625969150412144,0.0547620990777768,113.526499648932,5938567.273393368,75007.16693886502,10.0,sdf_meridian_v0.1,40.133,204.117,24.25
sample_146,C_Inco718_RPM11292_T650_OR356_BR87.5,146,D:\sdfdata\data\raw\pdf\sample_146.pdf,D:\sdfdata\data\processed\meridian_samples\sample_146.npz,D:\sdfdata\data\reports\figures\pdf_contour_overlay\sample_146.png,vector,True,,Inco718,11292.0,650.0,87.5,356.0,96.3,11014.557111444794,12379284.5233412,16.3096036046125,96.30051832873474,0.2905310849117029,0.3503159026750907,0.5754805753461487,0.0742035219787605,101.38634024616444,5273517.740236813,88989.64345005507,10.0,sdf_meridian_v0.1,40.667,198.683,29.149999999999977
sample_109,C_Inco718_RPM11292_T650_OR356_BR87.5,109,D:\sdfdata\data\raw\pdf\sample_109.pdf,D:\sdfdata\data\processed\meridian_samples\sample_109.npz,D:\sdfdata\data\reports\figures\pdf_contour_overlay\sample_109.png,vector,True,,Inco718,11292.0,650.0,87.5,356.0,96.3,11727.95896310849,13492348.167468635,19.37223403224036,96.30051832873474,0.2887932646269561,0.3015138772077376,0.6287216148023549,0.0697645079899074,110.50233149156811,5866432.490316926,74920.93101759569,10.0,sdf_meridian_v0.1,37.400000000000006,201.75,29.350000000000023
sample_144,C_Inco718_RPM11292_T650_OR356_BR87.5,144,D:\sdfdata\data\raw\pdf\sample_144.pdf,D:\sdfdata\data\processed\meridian_samples\sample_144.npz,D:\sdfdata\data\reports\figures\pdf_contour_overlay\sample_144.png,vector,True,,Inco718,11292.0,650.0,87.5,356.0,96.3,10380.89005316536,11625440.7146898,14.794051967755555,96.30051832873474,0.286800743847658,0.3198934956257132,0.6133510840623811,0.0667554203119056,95.21235945330946,4953200.833137697,98106.03699037788,10.0,sdf_meridian_v0.1,34.93300000000001,208.717,24.850000000000023
sample_046,C_Inco718_RPM11292_T650_OR356_BR87.5,46,D:\sdfdata\data\raw\pdf\sample_046.pdf,D:\sdfdata\data\processed\meridian_samples\sample_046.npz,D:\sdfdata\data\reports\figures\pdf_contour_overlay\sample_046.png,vector,True,,Inco718,11292.0,650.0,87.5,356.0,96.3,11233.051082160671,12589247.698264934,15.281051926880767,96.30051832873474,0.29242423096,0.3529954321855235,0.5799367533380183,0.0670678144764581,103.1059386487898,5288721.992909966,94979.4435966204,10.0,sdf_meridian_v0.1,41.80000000000001,199.95,26.75
sample_031,C_Inco718_RPM11292_T650_OR356_BR87.5,31,D:\sdfdata\data\raw\pdf\sample_031.pdf,D:\sdfdata\data\processed\meridian_samples\sample_031.npz,D:\sdfdata\data\reports\figures\pdf_contour_overlay\sample_031.png,vector,True,,Inco718,11292.0,650.0,87.5,356.0,96.3,10814.397166854744,12024077.265453212,14.4886550005628,96.30051832873474,0.2849291358823476,0.3566605839416058,0.5762773722627738,0.0670620437956204,98.4771928040618,5029339.021529088,100173.95055164344,10.0,sdf_meridian_v0.1,40.0,202.25,26.25
sample_023,C_Inco718_RPM11292_T650_OR356_BR87.5,23,D:\sdfdata\data\raw\pdf\sample_023.pdf,D:\sdfdata\data\processed\meridian_samples\sample_023.npz,D:\sdfdata\data\reports\figures\pdf_contour_overlay\sample_023.png,vector,True,,Inco718,11292.0,650.0,87.5,356.0,96.3,11102.76022321596,12509251.181195308,15.821686186284111,96.30051832873474,0.2895827837775216,0.3474011550422035,0.56499333629498,0.0876055086628165,102.45076717398956,5356404.778257272,91733.95253183648,10.0,sdf_meridian_v0.1,41.06700000000001,192.983,34.44999999999999
sample_016,C_Inco718_RPM11292_T650_OR356_BR87.5,16,D:\sdfdata\data\raw\pdf\sample_016.pdf,D:\sdfdata\data\processed\meridian_samples\sample_016.npz,D:\sdfdata\data\reports\figures\pdf_contour_overlay\sample_016.png,vector,True,,Inco718,11292.0,650.0,87.5,356.0,96.3,11694.42071799219,13383562.192381475,17.80509326277936,96.30051832873474,0.3026265052375799,0.3025649679379008,0.6250843739453257,0.0723506581167735,109.61137435560428,5763216.921958214,81515.2040017812,10.0,sdf_meridian_v0.1,37.533,201.017,29.94999999999999
sample_066,C_Inco718_RPM11292_T650_OR356_BR87.5,66,D:\sdfdata\data\raw\pdf\sample_066.pdf,D:\sdfdata\data\processed\meridian_samples\sample_066.npz,D:\sdfdata\data\reports\figures\pdf_contour_overlay\sample_066.png,vector,True,,Inco718,11292.0,650.0,87.5,356.0,96.3,11006.731049425634,12475742.166331572,15.55296277097171,96.30051832873474,0.280946826097466,0.321140398063475,0.5900125515510131,0.0888470503855119,102.17632834225556,5385113.930854008,93318.92777979822,10.0,sdf_meridian_v0.1,36.733,196.517,35.25
sample_012,C_Inco718_RPM11292_T650_OR356_BR87.5,12,D:\sdfdata\data\raw\pdf\sample_012.pdf,D:\sdfdata\data\processed\meridian_samples\sample_012.npz,D:\sdfdata\data\reports\figures\pdf_contour_overlay\sample_012.png,vector,True,,Inco718,11292.0,650.0,87.5,356.0,96.3,11399.530812695904,12903452.124020662,16.752019294439176,96.30051832873474,0.2893645751351634,0.3386119764624437,0.5759778470058844,0.0854101765316718,105.6792728957292,5527934.706186208,86639.45426973011,10.0,sdf_meridian_v0.1,40.93299999999999,193.017,34.55000000000001
sample_043,C_Inco718_RPM11292_T650_OR356_BR87.5,43,D:\sdfdata\data\raw\pdf\sample_043.pdf,D:\sdfdata\data\processed\meridian_samples\sample_043.npz,D:\sdfdata\data\reports\figures\pdf_contour_overlay\sample_043.png,vector,True,,Inco718,11292.0,650.0,87.5,356.0,96.3,11477.582025291336,12980171.370249003,15.955232412486229,96.30051832873474,0.2873443122048404,0.326958614465598,0.5990803214577335,0.0739610640766685,106.30760352233936,5514093.1363331545,90966.13399691848,10.0,sdf_meridian_v0.1,39.93300000000001,198.41700000000003,30.149999999999977
sample_147,C_Inco718_RPM11292_T650_OR356_BR87.5,147,D:\sdfdata\data\raw\pdf\sample_147.pdf,D:\sdfdata\data\processed\meridian_samples\sample_147.npz,D:\sdfdata\data\reports\figures\pdf_contour_overlay\sample_147.png,vector,True,,Inco718,11292.0,650.0,87.5,356.0,96.3,11793.281905136622,13653599.748069804,19.88005430706633,96.30051832873474,0.2982031015702249,0.2725372135808663,0.6472654290015053,0.0801973574176283,111.82298193669168,5990393.546271984,73007.1350494403,10.0,sdf_meridian_v0.1,33.599999999999994,200.85,34.05000000000001
sample_052,C_Inco718_RPM11292_T650_OR356_BR87.5,52,D:\sdfdata\data\raw\pdf\sample_052.pdf,D:\sdfdata\data\processed\meridian_samples\sample_052.npz,D:\sdfdata\data\reports\figures\pdf_contour_overlay\sample_052.png,vector,True,,Inco718,11292.0,650.0,87.5,356.0,96.3,11653.807392061304,13248627.718175553,18.49372264929894,96.30051832873474,0.2878884258693781,0.3402777777777778,0.6085704607046071,0.0511517615176151,108.50626101185776,5642282.787034308,78479.9165159546,10.0,sdf_meridian_v0.1,41.400000000000006,205.85,21.25
sample_028,C_Inco718_RPM11292_T650_OR356_BR87.5,28,D:\sdfdata\data\raw\pdf\sample_028.pdf,D:\sdfdata\data\processed\meridian_samples\sample_028.npz,D:\sdfdata\data\reports\figures\pdf_contour_overlay\sample_028.png,vector,True,,Inco718,11292.0,650.0,87.5,356.0,96.3,10699.509860082746,11954595.41267562,14.917851946609904,96.30051832873474,0.2820886780860109,0.3403882510259602,0.5890164614746162,0.0705952874994236,97.90813642981333,5057845.648006534,97291.87652355192,10.0,sdf_meridian_v0.1,38.133,203.317,27.05000000000001
sample_005,C_Inco718_RPM11292_T650_OR356_BR87.5,5,D:\sdfdata\data\raw\pdf\sample_005.pdf,D:\sdfdata\data\processed\meridian_samples\sample_005.npz,D:\sdfdata\data\reports\figures\pdf_contour_overlay\sample_005.png,vector,True,,Inco718,11292.0,650.0,87.5,356.0,96.3,11261.840412092064,12822181.194052389,18.040331214355504,96.30051832873474,0.2868839022332228,0.3141980718667835,0.6217353198948291,0.0640666082383873,105.01366397928906,5524410.930826873,80452.2817425473,10.0,sdf_meridian_v0.1,37.667,205.183,25.649999999999977
sample_033,C_Inco718_RPM11292_T650_OR356_BR87.5,33,D:\sdfdata\data\raw\pdf\sample_033.pdf,D:\sdfdata\data\processed\meridian_samples\sample_033.npz,D:\sdfdata\data\reports\figures\pdf_contour_overlay\sample_033.png,vector,True,,Inco718,11292.0,650.0,87.5,356.0,96.3,11189.043837763227,12875497.234859306,18.98598471275302,96.30051832873474,0.2867313600621314,0.2776553547818422,0.646364037020714,0.0759806081974438,105.45032235349773,5662066.837618982,76445.1163078886,10.0,sdf_meridian_v0.1,33.06699999999999,205.083,30.350000000000023
sample_143,C_Inco718_RPM11292_T650_OR356_BR87.5,143,D:\sdfdata\data\raw\pdf\sample_143.pdf,D:\sdfdata\data\processed\meridian_samples\sample_143.npz,D:\sdfdata\data\reports\figures\pdf_contour_overlay\sample_143.png,vector,True,,Inco718,11292.0,650.0,87.5,356.0,96.3,10829.791010018722,12077311.456234612,14.403981627735654,96.30051832873474,0.2883073753088464,0.365905881281035,0.5468088014213476,0.0872853172976174,98.91318082656149,5115323.867057804,100762.8201074262,10.0,sdf_meridian_v0.1,41.13300000000001,193.417,33.94999999999999
sample_086,C_Inco718_RPM11292_T650_OR356_BR87.5,86,D:\sdfdata\data\raw\pdf\sample_086.pdf,D:\sdfdata\data\processed\meridian_samples\sample_086.npz,D:\sdfdata\data\reports\figures\pdf_contour_overlay\sample_086.png,vector,True,,Inco718,11292.0,650.0,87.5,356.0,96.3,11179.530517381878,12619472.325712532,16.00267915125842,96.30051832873474,0.2869712951575288,0.3259468526529531,0.6092963715017216,0.0647567758453253,103.35347834758564,5358853.8071147725,90696.42625885336,10.0,sdf_meridian_v0.1,38.400000000000006,204.15,25.94999999999999
sample_087,C_Inco718_RPM11292_T650_OR356_BR87.5,87,D:\sdfdata\data\raw\pdf\sample_087.pdf,D:\sdfdata\data\processed\meridian_samples\sample_087.npz,D:\sdfdata\data\reports\figures\pdf_contour_overlay\sample_087.png,vector,True,,Inco718,11292.0,650.0,87.5,356.0,96.3,11525.539876532315,13058329.61344104,17.50302302670498,96.30051832873474,0.2853512459829881,0.3440897029872464,0.5796456389625952,0.0762646580501583,106.9477195340821,5583390.038049098,82922.00766529124,10.0,sdf_meridian_v0.1,41.733,195.617,31.149999999999977
sample_017,C_Inco718_RPM11292_T650_OR356_BR87.5,17,D:\sdfdata\data\raw\pdf\sample_017.pdf,D:\sdfdata\data\processed\meridian_samples\sample_017.npz,D:\sdfdata\data\reports\figures\pdf_contour_overlay\sample_017.png,vector,True,,Inco718,11292.0,650.0,87.5,356.0,96.3,11215.352652626818,12675048.979284495,16.146346420501423,96.30051832873474,0.2922364950366459,0.3246404855094771,0.6109327586965126,0.0644267557940102,103.80865114034,5387685.565682491,89889.42586685359,10.0,sdf_meridian_v0.1,37.8,204.95,25.75
sample_011,C_Inco718_RPM11292_T650_OR356_BR87.5,11,D:\sdfdata\data\raw\pdf\sample_011.pdf,D:\sdfdata\data\processed\meridian_samples\sample_011.npz,D:\sdfdata\data\reports\figures\pdf_contour_overlay\sample_011.png,vector,True,,Inco718,11292.0,650.0,87.5,356.0,96.3,11358.768060700784,12917965.954979468,16.99408210568487,96.30051832873474,0.2815496620430365,0.3206776715899218,0.601737619461338,0.0775847089487402,105.79814117128184,5556873.519722312,85405.3664422794,10.0,sdf_meridian_v0.1,38.2,198.85,31.44999999999999
sample_082,C_Inco718_RPM11292_T650_OR356_BR87.5,82,D:\sdfdata\data\raw\pdf\sample_082.pdf,D:\sdfdata\data\processed\meridian_samples\sample_082.npz,D:\sdfdata\data\reports\figures\pdf_contour_overlay\sample_082.png,vector,True,,Inco718,11292.0,650.0,87.5,356.0,96.3,11908.814299240968,13634260.184308838,19.41538892266929,96.30051832873474,0.2938972283495258,0.323943661971831,0.6152444076222038,0.0608119304059652,111.66459090948938,5860921.182333352,74754.40308546022,10.0,sdf_meridian_v0.1,40.06699999999999,202.283,26.149999999999977
sample_134,C_Inco718_RPM11292_T650_OR356_BR87.5,134,D:\sdfdata\data\raw\pdf\sample_134.pdf,D:\sdfdata\data\processed\meridian_samples\sample_134.npz,D:\sdfdata\data\reports\figures\pdf_contour_overlay\sample_134.png,vector,True,,Inco718,11292.0,650.0,87.5,356.0,96.3,11777.852866070618,13599758.87326427,20.26529006612309,96.30051832873474,0.2807937566474801,0.282195224130708,0.66158357771261,0.056221198156682,111.38202517203436,5925460.744133855,71619.29608954575,10.0,sdf_meridian_v0.1,35.133,209.21700000000004,24.149999999999977
sample_138,C_Inco718_RPM11292_T650_OR356_BR87.5,138,D:\sdfdata\data\raw\pdf\sample_138.pdf,D:\sdfdata\data\processed\meridian_samples\sample_138.npz,D:\sdfdata\data\reports\figures\pdf_contour_overlay\sample_138.png,vector,True,,Inco718,11292.0,650.0,87.5,356.0,96.3,11311.650694390952,12800911.699365932,16.57309195466783,96.30051832873474,0.2878853480284573,0.3127643800968122,0.6315032052679779,0.0557324146352099,104.83946681780698,5425877.895318046,87574.83597847383,10.0,sdf_meridian_v0.1,37.133,208.317,23.05000000000001
sample_076,C_Inco718_RPM11292_T650_OR356_BR87.5,76,D:\sdfdata\data\raw\pdf\sample_076.pdf,D:\sdfdata\data\processed\meridian_samples\sample_076.npz,D:\sdfdata\data\reports\figures\pdf_contour_overlay\sample_076.png,vector,True,,Inco718,11292.0,650.0,87.5,356.0,96.3,12028.07055000801,13751839.632335354,19.18867792154332,96.30051832873474,0.2864468725287,0.3299019808883238,0.6151827092646516,0.0549153098470245,112.62756658882654,5876285.502347382,75637.6137804009,10.0,sdf_meridian_v0.1,41.86699999999999,202.98300000000003,23.649999999999977
sample_110,C_Inco718_RPM11292_T650_OR356_BR87.5,110,D:\sdfdata\data\raw\pdf\sample_110.pdf,D:\sdfdata\data\processed\meridian_samples\sample_110.npz,D:\sdfdata\data\reports\figures\pdf_contour_overlay\sample_110.png,vector,True,,Inco718,11292.0,650.0,87.5,356.0,96.3,10615.100680200534,11894276.341598904,14.595074215515227,96.30051832873474,0.2849992036814539,0.3430456805613643,0.5708908406524467,0.0860634787861889,97.41412323769502,5093898.542061429,99443.53746713464,10.0,sdf_meridian_v0.1,38.533,197.217,32.75
sample_097,C_Inco718_RPM11292_T650_OR356_BR87.5,97,D:\sdfdata\data\raw\pdf\sample_097.pdf,D:\sdfdata\data\processed\meridian_samples\sample_097.npz,D:\sdfdata\data\reports\figures\pdf_contour_overlay\sample_097.png,vector,True,,Inco718,11292.0,650.0,87.5,356.0,96.3,10786.185473909529,11997101.965723976,14.705023481664348,96.30051832873474,0.2899633740309684,0.3478260869565217,0.5966132723112129,0.0555606407322654,98.25626509927936,4994366.931058758,98699.99945229114,10.0,sdf_meridian_v0.1,39.333,207.117,22.05000000000001
sample_106,C_Inco718_RPM11292_T650_OR356_BR87.5,106,D:\sdfdata\data\raw\pdf\sample_106.pdf,D:\sdfdata\data\processed\meridian_samples\sample_106.npz,D:\sdfdata\data\reports\figures\pdf_contour_overlay\sample_106.png,vector,True,,Inco718,11292.0,650.0,87.5,356.0,96.3,11709.977654410315,13472544.69304646,19.346978199345905,96.30051832873474,0.2791490451591502,0.2928739892183288,0.6480795148247979,0.0590464959568733,110.3401410360505,5841031.260037547,75018.73391449156,10.0,sdf_meridian_v0.1,36.400000000000006,207.35,24.75
sample_067,C_Inco718_RPM11292_T650_OR356_BR87.5,67,D:\sdfdata\data\raw\pdf\sample_067.pdf,D:\sdfdata\data\processed\meridian_samples\sample_067.npz,D:\sdfdata\data\reports\figures\pdf_contour_overlay\sample_067.png,vector,True,,Inco718,11292.0,650.0,87.5,356.0,96.3,12242.284375652149,14109505.588070476,20.3025740977974,96.30051832873474,0.2754670092771473,0.3239759958113496,0.598775625276894,0.0772483789117564,115.5568507662972,6114461.229294566,71487.77305748922,10.0,sdf_meridian_v0.1,42.19999999999999,192.05,34.25
sample_001,C_Inco718_RPM11292_T650_OR356_BR87.5,1,D:\sdfdata\data\raw\pdf\sample_001.pdf,D:\sdfdata\data\processed\meridian_samples\sample_001.npz,D:\sdfdata\data\reports\figures\pdf_contour_overlay\sample_001.png,vector,True,,Inco718,11292.0,650.0,87.5,356.0,96.3,10607.064983860048,11924590.75079916,14.803023157448305,96.30051832873474,0.291073199824761,0.3132070201573483,0.6183604115264653,0.0684325683161864,97.66239824904513,5077385.074502461,98046.58103611213,10.0,sdf_meridian_v0.1,34.533,207.517,26.44999999999999
sample_123,C_Inco718_RPM11292_T650_OR356_BR87.5,123,D:\sdfdata\data\raw\pdf\sample_123.pdf,D:\sdfdata\data\processed\meridian_samples\sample_123.npz,D:\sdfdata\data\reports\figures\pdf_contour_overlay\sample_123.png,vector,True,,Inco718,11292.0,650.0,87.5,356.0,96.3,10852.959933035943,12364146.388521772,17.17892795872953,96.30051832873474,0.2859080698346377,0.3153063079440101,0.5978912924922741,0.0868023995637156,101.26235892199333,5405939.226496985,84486.40177506961,10.0,sdf_meridian_v0.1,35.533,199.517,33.44999999999999
sample_068,C_Inco718_RPM11292_T650_OR356_BR87.5,68,D:\sdfdata\data\raw\pdf\sample_068.pdf,D:\sdfdata\data\processed\meridian_samples\sample_068.npz,D:\sdfdata\data\reports\figures\pdf_contour_overlay\sample_068.png,vector,True,,Inco718,11292.0,650.0,87.5,356.0,96.3,11082.500592412149,12578715.406195467,16.692394580124812,96.30051832873474,0.2850278369257319,0.3095068541926295,0.6024123197436354,0.088080826063735,103.01967917674088,5444312.796161451,86948.92770593415,10.0,sdf_meridian_v0.1,36.533,197.017,34.94999999999999
sample_029,C_Inco718_RPM11292_T650_OR356_BR87.5,29,D:\sdfdata\data\raw\pdf\sample_029.pdf,D:\sdfdata\data\processed\meridian_samples\sample_029.npz,D:\sdfdata\data\reports\figures\pdf_contour_overlay\sample_029.png,vector,True,,Inco718,11292.0,650.0,87.5,356.0,96.3,11283.801675873648,12722484.823194768,16.73239805375536,96.30051832873474,0.2813725793978688,0.3517012157788857,0.5672177031400333,0.081081081081081,104.19715070196514,5429298.7776081385,86741.0519952611,10.0,sdf_meridian_v0.1,42.13300000000001,193.417,32.94999999999999
sample_041,C_Inco718_RPM11292_T650_OR356_BR87.5,41,D:\sdfdata\data\raw\pdf\sample_041.pdf,D:\sdfdata\data\processed\meridian_samples\sample_041.npz,D:\sdfdata\data\reports\figures\pdf_contour_overlay\sample_041.png,vector,True,,Inco718,11292.0,650.0,87.5,356.0,96.3,11723.016580157262,13372506.153380468,18.621089118148085,96.30051832873474,0.2879742904377935,0.3293771043771044,0.5980639730639731,0.0725589225589225,109.52082539618604,5746956.621899741,77943.12139195345,10.0,sdf_meridian_v0.1,41.0,196.85,30.649999999999977
sample_045,C_Inco718_RPM11292_T650_OR356_BR87.5,45,D:\sdfdata\data\raw\pdf\sample_045.pdf,D:\sdfdata\data\processed\meridian_samples\sample_045.npz,D:\sdfdata\data\reports\figures\pdf_contour_overlay\sample_045.png,vector,True,,Inco718,11292.0,650.0,87.5,356.0,96.3,11832.008914814796,13755389.476639332,20.20987643562232,96.30051832873474,0.2795166678870565,0.2624562572904516,0.6818446925512415,0.0556990501583069,112.65663981367612,6033483.55126108,71815.66964100578,10.0,sdf_meridian_v0.1,33.0,212.05,23.44999999999999
sample_061,C_Inco718_RPM11292_T650_OR356_BR87.5,61,D:\sdfdata\data\raw\pdf\sample_061.pdf,D:\sdfdata\data\processed\meridian_samples\sample_061.npz,D:\sdfdata\data\reports\figures\pdf_contour_overlay\sample_061.png,vector,True,,Inco718,11292.0,650.0,87.5,356.0,96.3,11811.204306895816,13480108.011761472,19.11638175775711,96.30051832873474,0.2829947278585823,0.3445483386208048,0.5702537986308231,0.085197862748372,110.40208461632646,5817343.624593958,75923.66735390452,10.0,sdf_meridian_v0.1,42.267,190.383,35.85000000000002
sample_124,C_Inco718_RPM11292_T650_OR356_BR87.5,124,D:\sdfdata\data\raw\pdf\sample_124.pdf,D:\sdfdata\data\processed\meridian_samples\sample_124.npz,D:\sdfdata\data\reports\figures\pdf_contour_overlay\sample_124.png,vector,True,,Inco718,11292.0,650.0,87.5,356.0,96.3,11450.41306962167,12939373.387790116,15.716305752271277,96.30051832873474,0.2874420078188855,0.3461704144051004,0.5685362281381925,0.0852933574567071,105.97346804600106,5511497.738653205,92349.0438824308,10.0,sdf_meridian_v0.1,41.19999999999999,192.15000000000003,35.14999999999998
sample_025,C_Inco718_RPM11292_T650_OR356_BR87.5,25,D:\sdfdata\data\raw\pdf\sample_025.pdf,D:\sdfdata\data\processed\meridian_samples\sample_025.npz,D:\sdfdata\data\reports\figures\pdf_contour_overlay\sample_025.png,vector,True,,Inco718,11292.0,650.0,87.5,356.0,96.3,11920.840101933403,13750007.741563344,19.78641991710468,96.30051832873474,0.2827834631141178,0.3055532566415625,0.6100720019862617,0.0843747413721757,112.61256340340375,5997764.623418555,73352.62344915293,10.0,sdf_meridian_v0.1,38.06699999999999,194.783,35.64999999999998
sample_026,C_Inco718_RPM11292_T650_OR356_BR87.5,26,D:\sdfdata\data\raw\pdf\sample_026.pdf,D:\sdfdata\data\processed\meridian_samples\sample_026.npz,D:\sdfdata\data\reports\figures\pdf_contour_overlay\sample_026.png,vector,True,,Inco718,11292.0,650.0,87.5,356.0,96.3,11250.010940419168,12627057.4981408,15.850708043829115,96.30051832873474,0.2902360029304892,0.3525438596491228,0.5695614035087719,0.0778947368421052,103.41560090977316,5340205.507040252,91565.99223031192,10.0,sdf_meridian_v0.1,41.6,195.85,31.05000000000001
sample_024,C_Inco718_RPM11292_T650_OR356_BR87.5,24,D:\sdfdata\data\raw\pdf\sample_024.pdf,D:\sdfdata\data\processed\meridian_samples\sample_024.npz,D:\sdfdata\data\reports\figures\pdf_contour_overlay\sample_024.png,vector,True,,Inco718,11292.0,650.0,87.5,356.0,96.3,11182.975682264248,12763077.572657214,16.359013610126603,96.30051832873474,0.2886186653103146,0.2775719075348509,0.6689606493735663,0.0534674430915828,104.5296053200626,5468196.068569824,88720.86326083612,10.0,sdf_meridian_v0.1,32.533,214.317,21.649999999999977
sample_095,C_Inco718_RPM11292_T650_OR356_BR87.5,95,D:\sdfdata\data\raw\pdf\sample_095.pdf,D:\sdfdata\data\processed\meridian_samples\sample_095.npz,D:\sdfdata\data\reports\figures\pdf_contour_overlay\sample_095.png,vector,True,,Inco718,11292.0,650.0,87.5,356.0,96.3,11489.957927922507,13005030.52900671,16.67305422720287,96.30051832873474,0.2901924861632264,0.3453873904827349,0.5749871156158736,0.0796254939013915,106.51120003256496,5547422.887258543,87049.7864283435,10.0,sdf_meridian_v0.1,42.0,193.35,33.14999999999998
sample_040,C_Inco718_RPM11292_T650_OR356_BR87.5,40,D:\sdfdata\data\raw\pdf\sample_040.pdf,D:\sdfdata\data\processed\meridian_samples\sample_040.npz,D:\sdfdata\data\reports\figures\pdf_contour_overlay\sample_040.png,vector,True,,Inco718,11292.0,650.0,87.5,356.0,96.3,12080.21172802134,13780170.866019633,18.491079560931308,96.30051832873474,0.2860016352206063,0.3283533349661197,0.6144991427871663,0.057147522246714,112.8595993927008,5861017.891810514,78491.13432255981,10.0,sdf_meridian_v0.1,41.93299999999999,201.91700000000003,24.649999999999977
sample_096,C_Inco718_RPM11292_T650_OR356_BR87.5,96,D:\sdfdata\data\raw\pdf\sample_096.pdf,D:\sdfdata\data\processed\meridian_samples\sample_096.npz,D:\sdfdata\data\reports\figures\pdf_contour_overlay\sample_096.png,vector,True,,Inco718,11292.0,650.0,87.5,356.0,96.3,11490.914830172544,13310690.08091556,19.723046339296467,96.30051832873474,0.2822785483688853,0.2703630589648957,0.6420049781134667,0.0876319629216376,109.01455176269842,5884510.751149284,73588.31818462235,10.0,sdf_meridian_v0.1,33.2,199.35,35.94999999999999
sample_118,C_Inco718_RPM11292_T650_OR356_BR87.5,118,D:\sdfdata\data\raw\pdf\sample_118.pdf,D:\sdfdata\data\processed\meridian_samples\sample_118.npz,D:\sdfdata\data\reports\figures\pdf_contour_overlay\sample_118.png,vector,True,,Inco718,11292.0,650.0,87.5,356.0,96.3,11141.932416037596,12548794.79579956,16.99702002782095,96.30051832873474,0.2861816724509193,0.3272211887678271,0.6193196917353175,0.0534591194968553,102.7746293775984,5306329.306984134,85390.6041888844,10.0,sdf_meridian_v0.1,38.467,208.88300000000004,21.149999999999977
sample_048,C_Inco718_RPM11292_T650_OR356_BR87.5,48,D:\sdfdata\data\raw\pdf\sample_048.pdf,D:\sdfdata\data\processed\meridian_samples\sample_048.npz,D:\sdfdata\data\reports\figures\pdf_contour_overlay\sample_048.png,vector,True,,Inco718,11292.0,650.0,87.5,356.0,96.3,10710.049655341125,12103527.813666278,14.419172252792418,96.30051832873474,0.2813227156840937,0.2898871227827689,0.6454273208938033,0.0646855563234277,99.12789279392682,5162144.970118007,100656.66628714584,10.0,sdf_meridian_v0.1,32.93300000000001,210.517,25.05000000000001
sample_098,C_Inco718_RPM11292_T650_OR356_BR87.5,98,D:\sdfdata\data\raw\pdf\sample_098.pdf,D:\sdfdata\data\processed\meridian_samples\sample_098.npz,D:\sdfdata\data\reports\figures\pdf_contour_overlay\sample_098.png,vector,True,,Inco718,11292.0,650.0,87.5,356.0,96.3,11772.521671682223,13440726.078204498,18.47132178662209,96.30051832873474,0.2858123876121248,0.3096714716728126,0.6370683875293329,0.0532601407978545,110.07954658049483,5742572.967696967,78575.09204551727,10.0,sdf_meridian_v0.1,38.733,207.517,22.25
sample_114,C_Inco718_RPM11292_T650_OR356_BR87.5,114,D:\sdfdata\data\raw\pdf\sample_114.pdf,D:\sdfdata\data\processed\meridian_samples\sample_114.npz,D:\sdfdata\data\reports\figures\pdf_contour_overlay\sample_114.png,vector,True,,Inco718,11292.0,650.0,87.5,356.0,96.3,11798.778990661478,13713857.744320536,20.174921955388594,96.30051832873474,0.3148240873321584,0.263239289446186,0.6753187042842215,0.0614420062695924,112.31649492598518,6022011.726549211,71940.09537164745,10.0,sdf_meridian_v0.1,32.733000000000004,209.217,26.55000000000001
sample_034,C_Inco718_RPM11292_T650_OR356_BR87.5,34,D:\sdfdata\data\raw\pdf\sample_034.pdf,D:\sdfdata\data\processed\meridian_samples\sample_034.npz,D:\sdfdata\data\reports\figures\pdf_contour_overlay\sample_034.png,vector,True,,Inco718,11292.0,650.0,87.5,356.0,96.3,11006.62378674664,12322384.363575991,15.378894113919795,96.30051832873474,0.2885172565669898,0.3407766119630526,0.6047888081786387,0.0544345798583086,100.92032793768736,5161981.965969912,94375.17410777388,10.0,sdf_meridian_v0.1,39.267,207.383,21.850000000000023
sample_139,C_Inco718_RPM11292_T650_OR356_BR87.5,139,D:\sdfdata\data\raw\pdf\sample_139.pdf,D:\sdfdata\data\processed\meridian_samples\sample_139.npz,D:\sdfdata\data\reports\figures\pdf_contour_overlay\sample_139.png,vector,True,,Inco718,11292.0,650.0,87.5,356.0,96.3,11484.103446105928,13226105.706214476,19.081662968920064,96.30051832873474,0.2911359545620964,0.2798848846699025,0.6681843563420815,0.0519307589880159,108.32180573389654,5749370.10247509,76061.80928518629,10.0,sdf_meridian_v0.1,34.133,213.017,21.350000000000023
sample_102,C_Inco718_RPM11292_T650_OR356_BR87.5,102,D:\sdfdata\data\raw\pdf\sample_102.pdf,D:\sdfdata\data\processed\meridian_samples\sample_102.npz,D:\sdfdata\data\reports\figures\pdf_contour_overlay\sample_102.png,vector,True,,Inco718,11292.0,650.0,87.5,356.0,96.3,10859.6438392649,12236696.06715125,14.465987296880073,96.30051832873474,0.2838891176680487,0.2862855584840498,0.6556393710806144,0.0580750704353358,100.21854078996871,5169878.586018372,100330.91968076212,10.0,sdf_meridian_v0.1,32.8,212.55,23.149999999999977
sample_063,C_Inco718_RPM11292_T650_OR356_BR87.5,63,D:\sdfdata\data\raw\pdf\sample_063.pdf,D:\sdfdata\data\processed\meridian_samples\sample_063.npz,D:\sdfdata\data\reports\figures\pdf_contour_overlay\sample_063.png,vector,True,,Inco718,11292.0,650.0,87.5,356.0,96.3,11400.89983389817,13104551.219605586,18.883542641558385,96.30051832873474,0.289373589440816,0.2819082219627178,0.6409324856191341,0.077159292418148,107.32627448856974,5730088.974454422,76859.82641795346,10.0,sdf_meridian_v0.1,34.267,202.983,31.25
sample_085,C_Inco718_RPM11292_T650_OR356_BR87.5,85,D:\sdfdata\data\raw\pdf\sample_085.pdf,D:\sdfdata\data\processed\meridian_samples\sample_085.npz,D:\sdfdata\data\reports\figures\pdf_contour_overlay\sample_085.png,vector,True,,Inco718,11292.0,650.0,87.5,356.0,96.3,11651.13704510612,13395132.829799438,18.725261754488606,96.30051832873474,0.2785375325217185,0.2760372565622354,0.6644369178662151,0.0595258255715495,109.70613787605738,5798855.521510077,77509.50713617072,10.0,sdf_meridian_v0.1,34.2,208.85,25.44999999999999
sample_149,C_Inco718_RPM11292_T650_OR356_BR87.5,149,D:\sdfdata\data\raw\pdf\sample_149.pdf,D:\sdfdata\data\processed\meridian_samples\sample_149.npz,D:\sdfdata\data\reports\figures\pdf_contour_overlay\sample_149.png,vector,True,,Inco718,11292.0,650.0,87.5,356.0,96.3,10548.250668089837,11743443.263913153,14.463074470539093,96.30051832873474,0.2865349571524456,0.3254399101460127,0.6087607637588918,0.0657993260950954,96.17880033144873,4935801.409585903,100351.12607230469,10.0,sdf_meridian_v0.1,36.467,206.683,25.350000000000023
sample_054,C_Inco718_RPM11292_T650_OR356_BR87.5,54,D:\sdfdata\data\raw\pdf\sample_054.pdf,D:\sdfdata\data\processed\meridian_samples\sample_054.npz,D:\sdfdata\data\reports\figures\pdf_contour_overlay\sample_054.png,vector,True,,Inco718,11292.0,650.0,87.5,356.0,96.3,11298.399038376429,12957025.128463872,17.84886966658476,96.30051832873474,0.2835176727559609,0.2843668122270742,0.6458515283842795,0.0697816593886462,106.11803580211912,5630963.091997867,81315.27859735393,10.0,sdf_meridian_v0.1,33.8,206.15,28.55000000000001
sample_006,C_Inco718_RPM11292_T650_OR356_BR87.5,6,D:\sdfdata\data\raw\pdf\sample_006.pdf,D:\sdfdata\data\processed\meridian_samples\sample_006.npz,D:\sdfdata\data\reports\figures\pdf_contour_overlay\sample_006.png,vector,True,,Inco718,11292.0,650.0,87.5,356.0,96.3,10874.444758190555,12365136.454149492,17.163309844830167,96.30051832873474,0.2851633076431845,0.2953184540010887,0.643894030121575,0.0607875158773362,101.27046755948432,5341210.667211837,84563.2819489871,10.0,sdf_meridian_v0.1,33.93300000000001,210.717,23.850000000000023
sample_094,C_Inco718_RPM11292_T650_OR356_BR87.5,94,D:\sdfdata\data\raw\pdf\sample_094.pdf,D:\sdfdata\data\processed\meridian_samples\sample_094.npz,D:\sdfdata\data\reports\figures\pdf_contour_overlay\sample_094.png,vector,True,,Inco718,11292.0,650.0,87.5,356.0,96.3,10991.00880889165,12411845.350057086,15.150511602694504,96.30051832873474,0.2870305581156854,0.3023610737050004,0.6204327138881408,0.0772062124068587,101.65301341696753,5303561.482294938,95797.80852602178,10.0,sdf_meridian_v0.1,35.333,202.917,30.25
sample_112,C_Inco718_RPM11292_T650_OR356_BR87.5,112,D:\sdfdata\data\raw\pdf\sample_112.pdf,D:\sdfdata\data\processed\meridian_samples\sample_112.npz,D:\sdfdata\data\reports\figures\pdf_contour_overlay\sample_112.png,vector,True,,Inco718,11292.0,650.0,87.5,356.0,96.3,11538.863504939618,13164651.77568256,18.86214411582707,96.30051832873474,0.2943553911037789,0.3343025741896861,0.5892414264944839,0.0764559993158299,107.81849804284018,5691841.435767342,76947.02154079893,10.0,sdf_meridian_v0.1,40.467,196.283,31.75
sample_050,C_Inco718_RPM11292_T650_OR356_BR87.5,50,D:\sdfdata\data\raw\pdf\sample_050.pdf,D:\sdfdata\data\processed\meridian_samples\sample_050.npz,D:\sdfdata\data\reports\figures\pdf_contour_overlay\sample_050.png,vector,True,,Inco718,11292.0,650.0,87.5,356.0,96.3,11692.938704135991,13394713.557493238,19.67471199853949,96.30051832873474,0.294165366364381,0.3299012574900835,0.5999662418769517,0.0701325006329648,109.70270403586962,5806559.5747410245,73769.10064523132,10.0,sdf_meridian_v0.1,40.400000000000006,198.45,29.649999999999977
sample_036,C_Inco718_RPM11292_T650_OR356_BR87.5,36,D:\sdfdata\data\raw\pdf\sample_036.pdf,D:\sdfdata\data\processed\meridian_samples\sample_036.npz,D:\sdfdata\data\reports\figures\pdf_contour_overlay\sample_036.png,vector,True,,Inco718,11292.0,650.0,87.5,356.0,96.3,10866.781532621488,12177194.315224892,14.849577556570551,96.30051832873474,0.2854779025705367,0.3252962811606048,0.616900513099941,0.0578032057394542,99.73122144169186,5122908.289115673,97739.1985769992,10.0,sdf_meridian_v0.1,37.06699999999999,209.083,22.350000000000023
sample_081,C_Inco718_RPM11292_T650_OR356_BR87.5,81,D:\sdfdata\data\raw\pdf\sample_081.pdf,D:\sdfdata\data\processed\meridian_samples\sample_081.npz,D:\sdfdata\data\reports\figures\pdf_contour_overlay\sample_081.png,vector,True,,Inco718,11292.0,650.0,87.5,356.0,96.3,11309.199069429716,12924779.895182945,18.10022044551132,96.30051832873474,0.2880218532931066,0.3030620256477362,0.6188606821948879,0.0780772921573759,105.8539473415483,5615274.322572128,80186.08469192038,10.0,sdf_meridian_v0.1,35.8,200.75,31.94999999999999
sample_078,C_Inco718_RPM11292_T650_OR356_BR87.5,78,D:\sdfdata\data\raw\pdf\sample_078.pdf,D:\sdfdata\data\processed\meridian_samples\sample_078.npz,D:\sdfdata\data\reports\figures\pdf_contour_overlay\sample_078.png,vector,True,,Inco718,11292.0,650.0,87.5,356.0,96.3,11817.170897395436,13475122.423067966,18.718998153272004,96.30051832873474,0.2885176064302484,0.3358389710181241,0.6081182660987221,0.0560427628831537,110.36125264492664,5756230.198509712,77535.44274657151,10.0,sdf_meridian_v0.1,42.06700000000001,202.483,23.94999999999999
sample_035,C_Inco718_RPM11292_T650_OR356_BR87.5,35,D:\sdfdata\data\raw\pdf\sample_035.pdf,D:\sdfdata\data\processed\meridian_samples\sample_035.npz,D:\sdfdata\data\reports\figures\pdf_contour_overlay\sample_035.png,vector,True,,Inco718,11292.0,650.0,87.5,356.0,96.3,11591.4218267174,13333130.425166542,19.63749240551308,96.30051832873474,0.2941498062965549,0.3141142930088081,0.6015914216416323,0.0842942853495596,109.19833818211396,5834236.471690077,73908.91767722511,10.0,sdf_meridian_v0.1,38.0,195.45,35.05000000000001
sample_115,C_Inco718_RPM11292_T650_OR356_BR87.5,115,D:\sdfdata\data\raw\pdf\sample_115.pdf,D:\sdfdata\data\processed\meridian_samples\sample_115.npz,D:\sdfdata\data\reports\figures\pdf_contour_overlay\sample_115.png,vector,True,,Inco718,11292.0,650.0,87.5,356.0,96.3,11686.313470620928,13356470.072130555,19.51143866249369,96.30051832873474,0.2835761848194453,0.3301241449201925,0.6187821974495398,0.0510936576302677,109.38948989074926,5738290.60101375,74386.4065942077,10.0,sdf_meridian_v0.1,40.333,206.717,21.44999999999999
sample_008,C_Inco718_RPM11292_T650_OR356_BR87.5,8,D:\sdfdata\data\raw\pdf\sample_008.pdf,D:\sdfdata\data\processed\meridian_samples\sample_008.npz,D:\sdfdata\data\reports\figures\pdf_contour_overlay\sample_008.png,vector,True,,Inco718,11292.0,650.0,87.5,356.0,96.3,11609.312131385392,13241715.32140577,18.91749634238532,96.30051832873474,0.2860142271370626,0.3229781989715694,0.6228379584378054,0.0541838425906251,108.44964848231324,5680617.418395638,76721.87605155334,10.0,sdf_meridian_v0.1,39.06699999999999,206.883,22.55000000000001
sample_044,C_Inco718_RPM11292_T650_OR356_BR87.5,44,D:\sdfdata\data\raw\pdf\sample_044.pdf,D:\sdfdata\data\processed\meridian_samples\sample_044.npz,D:\sdfdata\data\reports\figures\pdf_contour_overlay\sample_044.png,vector,True,,Inco718,11292.0,650.0,87.5,356.0,96.3,11258.92038664646,12662025.032993415,15.205653208725924,96.30051832873474,0.2842603190569749,0.3331288343558282,0.5971078001752849,0.0697633654688869,103.70198502021609,5340220.49298645,95450.40845422584,10.0,sdf_meridian_v0.1,39.0,201.55,27.94999999999999
sample_071,C_Inco718_RPM11292_T650_OR356_BR87.5,71,D:\sdfdata\data\raw\pdf\sample_071.pdf,D:\sdfdata\data\processed\meridian_samples\sample_071.npz,D:\sdfdata\data\reports\figures\pdf_contour_overlay\sample_071.png,vector,True,,Inco718,11292.0,650.0,87.5,356.0,96.3,11802.107262484093,13548711.754820516,19.61118888131561,96.30051832873474,0.2818909589878367,0.3177562280555091,0.6154489215850192,0.0667948503594716,110.96394927198004,5867289.045384988,74008.04807754389,10.0,sdf_meridian_v0.1,39.467,200.38300000000004,28.649999999999977
sample_099,C_Inco718_RPM11292_T650_OR356_BR87.5,99,D:\sdfdata\data\raw\pdf\sample_099.pdf,D:\sdfdata\data\processed\meridian_samples\sample_099.npz,D:\sdfdata\data\reports\figures\pdf_contour_overlay\sample_099.png,vector,True,,Inco718,11292.0,650.0,87.5,356.0,96.3,11205.420107663278,12724965.692985086,16.51782298753028,96.30051832873474,0.2846934527622433,0.3154418563691603,0.6170578133943904,0.0675003302364493,104.21746902554784,5454847.133624969,87867.86313679999,10.0,sdf_meridian_v0.1,37.267,203.883,27.350000000000023
sample_121,C_Inco718_RPM11292_T650_OR356_BR87.5,121,D:\sdfdata\data\raw\pdf\sample_121.pdf,D:\sdfdata\data\processed\meridian_samples\sample_121.npz,D:\sdfdata\data\reports\figures\pdf_contour_overlay\sample_121.png,vector,True,,Inco718,11292.0,650.0,87.5,356.0,96.3,10587.73152224468,11867907.411418904,14.957795586837197,96.30051832873474,0.2933614090294511,0.3338459387669509,0.5799897478913276,0.0861643133417214,97.1981616995208,5092376.756598343,97032.06606616644,10.0,sdf_meridian_v0.1,37.333,198.717,32.44999999999999
sample_084,C_Inco718_RPM11292_T650_OR356_BR87.5,84,D:\sdfdata\data\raw\pdf\sample_084.pdf,D:\sdfdata\data\processed\meridian_samples\sample_084.npz,D:\sdfdata\data\reports\figures\pdf_contour_overlay\sample_084.png,vector,True,,Inco718,11292.0,650.0,87.5,356.0,96.3,10718.581442708588,11919184.83802024,14.335399044458324,96.30051832873474,0.2868962186620981,0.3500368459837877,0.5793109801031687,0.0706521739130434,97.61812382338576,4996438.737635735,101244.88373745453,10.0,sdf_meridian_v0.1,39.133,201.91700000000003,27.44999999999999
sample_135,C_Inco718_RPM11292_T650_OR356_BR87.5,135,D:\sdfdata\data\raw\pdf\sample_135.pdf,D:\sdfdata\data\processed\meridian_samples\sample_135.npz,D:\sdfdata\data\reports\figures\pdf_contour_overlay\sample_135.png,vector,True,,Inco718,11292.0,650.0,87.5,356.0,96.3,11055.472173026512,12605715.946867352,16.459544853743157,96.30051832873474,0.2849375881212598,0.3003169218408248,0.6169263045127885,0.0827567736463866,103.2408136048436,5471289.307863144,88178.97593663604,10.0,sdf_meridian_v0.1,34.867000000000004,200.583,33.05000000000001
sample_136,C_Inco718_RPM11292_T650_OR356_BR87.5,136,D:\sdfdata\data\raw\pdf\sample_136.pdf,D:\sdfdata\data\processed\meridian_samples\sample_136.npz,D:\sdfdata\data\reports\figures\pdf_contour_overlay\sample_136.png,vector,True,,Inco718,11292.0,650.0,87.5,356.0,96.3,11266.76610086237,12961987.696569985,17.716468350658715,96.30051832873474,0.2812570920769309,0.2757201646090535,0.6431135627353122,0.0811662726556343,106.15867923490816,5674059.0790607175,81922.97589221474,10.0,sdf_meridian_v0.1,33.133,202.117,33.25
sample_090,C_Inco718_RPM11292_T650_OR356_BR87.5,90,D:\sdfdata\data\raw\pdf\sample_090.pdf,D:\sdfdata\data\processed\meridian_samples\sample_090.npz,D:\sdfdata\data\reports\figures\pdf_contour_overlay\sample_090.png,vector,True,,Inco718,11292.0,650.0,87.5,356.0,96.3,11182.901161253994,12536353.736636836,16.211620702348053,96.30051832873474,0.2900233587679473,0.3453389830508475,0.5954272598870056,0.0592337570621468,102.67273710305568,5265409.759602975,89527.49612356673,10.0,sdf_meridian_v0.1,40.6,203.55,24.350000000000023
sample_009,C_Inco718_RPM11292_T650_OR356_BR87.5,9,D:\sdfdata\data\raw\pdf\sample_009.pdf,D:\sdfdata\data\processed\meridian_samples\sample_009.npz,D:\sdfdata\data\reports\figures\pdf_contour_overlay\sample_009.png,vector,True,,Inco718,11292.0,650.0,87.5,356.0,96.3,10985.329686803094,12456157.648447426,16.04850854016436,96.30051832873474,0.2840600303405967,0.2923719301396309,0.6477798231042069,0.0598482467561621,102.01593114078442,5324960.297378113,90437.42637852224,10.0,sdf_meridian_v0.1,33.667,211.583,23.25
sample_014,C_Inco718_RPM11292_T650_OR356_BR87.5,14,D:\sdfdata\data\raw\pdf\sample_014.pdf,D:\sdfdata\data\processed\meridian_samples\sample_014.npz,D:\sdfdata\data\reports\figures\pdf_contour_overlay\sample_014.png,vector,True,,Inco718,11292.0,650.0,87.5,356.0,96.3,11475.940285089191,13075729.831887309,17.40201083967785,96.30051832873474,0.2929312288933606,0.3173143053645117,0.6277510316368639,0.0549346629986244,107.09022732315704,5588476.396733755,83403.33901395662,10.0,sdf_meridian_v0.1,37.93300000000001,207.617,22.94999999999999
sample_120,C_Inco718_RPM11292_T650_OR356_BR87.5,120,D:\sdfdata\data\raw\pdf\sample_120.pdf,D:\sdfdata\data\processed\meridian_samples\sample_120.npz,D:\sdfdata\data\reports\figures\pdf_contour_overlay\sample_120.png,vector,True,,Inco718,11292.0,650.0,87.5,356.0,96.3,11311.881792158172,13011522.119538456,19.07803770816572,96.30051832873474,0.2865074218187023,0.2932717448143629,0.6260240543838242,0.0807042008018128,106.56436615901995,5718433.045770369,76076.26275762012,10.0,sdf_meridian_v0.1,35.267,200.58300000000003,32.64999999999998
sample_126,C_Inco718_RPM11292_T650_OR356_BR87.5,126,D:\sdfdata\data\raw\pdf\sample_126.pdf,D:\sdfdata\data\processed\meridian_samples\sample_126.npz,D:\sdfdata\data\reports\figures\pdf_contour_overlay\sample_126.png,vector,True,,Inco718,11292.0,650.0,87.5,356.0,96.3,10712.216970028938,12018151.415214213,15.291650128935103,96.30051832873474,0.2813720207628806,0.3199594638168501,0.6156432815882814,0.0643972545948684,98.4286600906044,5100253.152234597,94913.6160812275,10.0,sdf_meridian_v0.1,35.867000000000004,208.183,24.44999999999999
sample_004,C_Inco718_RPM11292_T650_OR356_BR87.5,4,D:\sdfdata\data\raw\pdf\sample_004.pdf,D:\sdfdata\data\processed\meridian_samples\sample_004.npz,D:\sdfdata\data\reports\figures\pdf_contour_overlay\sample_004.png,vector,True,,Inco718,11292.0,650.0,87.5,356.0,96.3,11032.388874377646,12641704.698444774,18.00675422544149,96.30051832873474,0.284577187255691,0.2817140812309894,0.6324923957774199,0.0857935229915906,103.5355614802627,5547337.857255147,80602.30019331061,10.0,sdf_meridian_v0.1,32.667,201.683,34.14999999999998
sample_018,C_Inco718_RPM11292_T650_OR356_BR87.5,18,D:\sdfdata\data\raw\pdf\sample_018.pdf,D:\sdfdata\data\processed\meridian_samples\sample_018.npz,D:\sdfdata\data\reports\figures\pdf_contour_overlay\sample_018.png,vector,True,,Inco718,11292.0,650.0,87.5,356.0,96.3,11295.419748707973,12884774.76849342,18.147181051020176,96.30051832873474,0.2931202475096126,0.3035714285714285,0.6296280125742229,0.0668005588543485,105.52630535396112,5570708.360975881,79978.58210075041,10.0,sdf_meridian_v0.1,36.2,205.35,26.94999999999999
sample_039,C_Inco718_RPM11292_T650_OR356_BR87.5,39,D:\sdfdata\data\raw\pdf\sample_039.pdf,D:\sdfdata\data\processed\meridian_samples\sample_039.npz,D:\sdfdata\data\reports\figures\pdf_contour_overlay\sample_039.png,vector,True,,Inco718,11292.0,650.0,87.5,356.0,96.3,11325.810622780746,12991084.49761896,18.812461560104538,96.30051832873474,0.293644401394763,0.2932903731440763,0.6205425175251448,0.0861671093307789,106.39698203549928,5687609.990922277,77150.23389943525,10.0,sdf_meridian_v0.1,35.2,198.55,34.75
sample_073,C_Inco718_RPM11292_T650_OR356_BR87.5,73,D:\sdfdata\data\raw\pdf\sample_073.pdf,D:\sdfdata\data\processed\meridian_samples\sample_073.npz,D:\sdfdata\data\reports\figures\pdf_contour_overlay\sample_073.png,vector,True,,Inco718,11292.0,650.0,87.5,356.0,96.3,11159.986056057352,12640090.387594506,17.065384338615818,96.30051832873474,0.284537521108427,0.3264079214923526,0.5976483069578287,0.0759437715498187,103.522340274399,5432234.792299207,85048.52752140959,10.0,sdf_meridian_v0.1,38.267,200.183,30.05000000000001
sample_137,C_Inco718_RPM11292_T650_OR356_BR87.5,137,D:\sdfdata\data\raw\pdf\sample_137.pdf,D:\sdfdata\data\processed\meridian_samples\sample_137.npz,D:\sdfdata\data\reports\figures\pdf_contour_overlay\sample_137.png,vector,True,,Inco718,11292.0,650.0,87.5,356.0,96.3,11187.149805230008,12602270.959616924,15.464758589781352,96.30051832873474,0.2965737682526256,0.3542272767345499,0.5615798289694085,0.0841928942960416,103.2125991592626,5377985.450164267,93851.1778997463,10.0,sdf_meridian_v0.1,41.46700000000001,193.683,33.35000000000002
sample_007,C_Inco718_RPM11292_T650_OR356_BR87.5,7,D:\sdfdata\data\raw\pdf\sample_007.pdf,D:\sdfdata\data\processed\meridian_samples\sample_007.npz,D:\sdfdata\data\reports\figures\pdf_contour_overlay\sample_007.png,vector,True,,Inco718,11292.0,650.0,87.5,356.0,96.3,10643.84339471548,11972409.22687933,14.86280493939795,96.30051832873474,0.2876307048112193,0.3121698025766984,0.599128742237464,0.0887014551858374,98.05403156814172,5152464.207961921,97652.21406754134,10.0,sdf_meridian_v0.1,35.400000000000006,199.45,33.64999999999998
sample_113,C_Inco718_RPM11292_T650_OR356_BR87.5,113,D:\sdfdata\data\raw\pdf\sample_113.pdf,D:\sdfdata\data\processed\meridian_samples\sample_113.npz,D:\sdfdata\data\reports\figures\pdf_contour_overlay\sample_113.png,vector,True,,Inco718,11292.0,650.0,87.5,356.0,96.3,11066.488275547428,12376056.3604899,15.658229964779784,96.30051832873474,0.28649988641162,0.3582349008246044,0.5679518609315801,0.0738132382438154,101.35990159241229,5223746.206007252,92691.56302154309,10.0,sdf_meridian_v0.1,41.667,197.783,29.05000000000001
sample_101,C_Inco718_RPM11292_T650_OR356_BR87.5,101,D:\sdfdata\data\raw\pdf\sample_101.pdf,D:\sdfdata\data\processed\meridian_samples\sample_101.npz,D:\sdfdata\data\reports\figures\pdf_contour_overlay\sample_101.png,vector,True,,Inco718,11292.0,650.0,87.5,356.0,96.3,12146.315772035494,13979878.597468114,19.93628533259288,96.30051832873474,0.2907170236275472,0.3177425903369874,0.6149411287048315,0.067316280958181,114.49520571326384,6042213.091297142,72801.21574170081,10.0,sdf_meridian_v0.1,40.80000000000001,198.45,29.25
sample_003,C_Inco718_RPM11292_T650_OR356_BR87.5,3,D:\sdfdata\data\raw\pdf\sample_003.pdf,D:\sdfdata\data\processed\meridian_samples\sample_003.npz,D:\sdfdata\data\reports\figures\pdf_contour_overlay\sample_003.png,vector,True,,Inco718,11292.0,650.0,87.5,356.0,96.3,11954.6433432906,13709756.439711224,19.764376643755533,96.30051832873474,0.2945321130555411,0.340581803177223,0.5908396946564886,0.0685785021662884,112.28290524123491,5920131.05930122,73434.43386790337,10.0,sdf_meridian_v0.1,42.333,196.317,29.850000000000023
sample_064,C_Inco718_RPM11292_T650_OR356_BR87.5,64,D:\sdfdata\data\raw\pdf\sample_064.pdf,D:\sdfdata\data\processed\meridian_samples\sample_064.npz,D:\sdfdata\data\reports\figures\pdf_contour_overlay\sample_064.png,vector,True,,Inco718,11292.0,650.0,87.5,356.0,96.3,11640.817018071692,13393816.032303508,18.30068763001936,96.30051832873474,0.2683482968002022,0.2760198246282882,0.6674291523700597,0.056551023001652,109.69535330456571,5792981.388920702,79307.71995722351,10.0,sdf_meridian_v0.1,33.400000000000006,211.75,23.350000000000023
sample_055,C_Inco718_RPM11292_T650_OR356_BR87.5,55,D:\sdfdata\data\raw\pdf\sample_055.pdf,D:\sdfdata\data\processed\meridian_samples\sample_055.npz,D:\sdfdata\data\reports\figures\pdf_contour_overlay\sample_055.png,vector,True,,Inco718,11292.0,650.0,87.5,356.0,96.3,10894.667391705872,12338174.831846312,15.611139237695951,96.30051832873474,0.2848018438144579,0.3046825468707544,0.6171542432750656,0.0781632098541798,101.04965187282129,5309014.729363304,92971.16549198172,10.0,sdf_meridian_v0.1,34.599999999999994,202.95,30.94999999999999
sample_127,C_Inco718_RPM11292_T650_OR356_BR87.5,127,D:\sdfdata\data\raw\pdf\sample_127.pdf,D:\sdfdata\data\processed\meridian_samples\sample_127.npz,D:\sdfdata\data\reports\figures\pdf_contour_overlay\sample_127.png,vector,True,,Inco718,11292.0,650.0,87.5,356.0,96.3,11230.270566927613,12700779.5026722,15.680564493809122,96.30051832873474,0.2873709061302746,0.3148782845592758,0.6177168468230951,0.0674048686176289,104.01938412688531,5399067.504711902,92559.53828443002,10.0,sdf_meridian_v0.1,36.93300000000001,203.91700000000003,27.649999999999977
sample_051,C_Inco718_RPM11292_T650_OR356_BR87.5,51,D:\sdfdata\data\raw\pdf\sample_051.pdf,D:\sdfdata\data\processed\meridian_samples\sample_051.npz,D:\sdfdata\data\reports\figures\pdf_contour_overlay\sample_051.png,vector,True,,Inco718,11292.0,650.0,87.5,356.0,96.3,11474.332608830033,12989708.356068404,17.334639251324482,96.30051832873474,0.2888157665369898,0.3547416387240993,0.573811366176597,0.0714469950993035,106.38571143620022,5543159.918263566,83727.4885588002,10.0,sdf_meridian_v0.1,42.400000000000006,196.55,29.55000000000001
sample_116,C_Inco718_RPM11292_T650_OR356_BR87.5,116,D:\sdfdata\data\raw\pdf\sample_116.pdf,D:\sdfdata\data\processed\meridian_samples\sample_116.npz,D:\sdfdata\data\reports\figures\pdf_contour_overlay\sample_116.png,vector,True,,Inco718,11292.0,650.0,87.5,356.0,96.3,12217.798038640309,14030085.763294496,20.164195002164064,96.30051832873474,0.2834227377086905,0.32478701497961,0.6236524407477692,0.0515605442726208,114.90640240138192,6020209.124757517,71978.36608059154,10.0,sdf_meridian_v0.1,41.53299999999999,204.117,22.850000000000023
sample_047,C_Inco718_RPM11292_T650_OR356_BR87.5,47,D:\sdfdata\data\raw\pdf\sample_047.pdf,D:\sdfdata\data\processed\meridian_samples\sample_047.npz,D:\sdfdata\data\reports\figures\pdf_contour_overlay\sample_047.png,vector,True,,Inco718,11292.0,650.0,87.5,356.0,96.3,10622.213864022637,11899165.430725953,15.187473610347798,96.30051832873474,0.2835317455209235,0.3428704133766837,0.5829075708313981,0.0742220157919182,97.45416487764555,5072271.578697569,95564.66380276148,10.0,sdf_meridian_v0.1,38.333,201.417,28.75
sample_140,C_Inco718_RPM11292_T650_OR356_BR87.5,140,D:\sdfdata\data\raw\pdf\sample_140.pdf,D:\sdfdata\data\processed\meridian_samples\sample_140.npz,D:\sdfdata\data\reports\figures\pdf_contour_overlay\sample_140.png,vector,True,,Inco718,11292.0,650.0,87.5,356.0,96.3,11086.506924319025,12670853.92502883,17.933640426492826,96.30051832873474,0.2907866026941432,0.3089995106543885,0.605943324881,0.0850571644646114,103.77429364598612,5539594.923693074,80930.90834151614,10.0,sdf_meridian_v0.1,36.333,198.617,33.55000000000001
sample_062,C_Inco718_RPM11292_T650_OR356_BR87.5,62,D:\sdfdata\data\raw\pdf\sample_062.pdf,D:\sdfdata\data\processed\meridian_samples\sample_062.npz,D:\sdfdata\data\reports\figures\pdf_contour_overlay\sample_062.png,vector,True,,Inco718,11292.0,650.0,87.5,356.0,96.3,11809.173980903304,13601914.142696168,18.80801360843352,96.30051832873474,0.2993583505578589,0.2813100509649929,0.6683933494861726,0.0502965995488344,111.3996768286816,5866791.31717707,77168.47934092293,10.0,sdf_meridian_v0.1,34.733000000000004,212.717,21.05000000000001
sample_148,C_Inco718_RPM11292_T650_OR356_BR87.5,148,D:\sdfdata\data\raw\pdf\sample_148.pdf,D:\sdfdata\data\processed\meridian_samples\sample_148.npz,D:\sdfdata\data\reports\figures\pdf_contour_overlay\sample_148.png,vector,True,,Inco718,11292.0,650.0,87.5,356.0,96.3,11594.67200745902,13213820.462931508,17.85743570480053,96.30051832873474,0.287071103013609,0.3236182614985321,0.6030294005020636,0.0733523379994043,108.22118959140904,5678714.649912156,81276.27244913056,10.0,sdf_meridian_v0.1,39.533,198.517,30.44999999999999
sample_080,C_Inco718_RPM11292_T650_OR356_BR87.5,80,D:\sdfdata\data\raw\pdf\sample_080.pdf,D:\sdfdata\data\processed\meridian_samples\sample_080.npz,D:\sdfdata\data\reports\figures\pdf_contour_overlay\sample_080.png,vector,True,,Inco718,11292.0,650.0,87.5,356.0,96.3,10939.730478764051,12390924.434004957,15.36689158236418,96.30051832873474,0.2809905102112011,0.2936772796969423,0.6458013890141607,0.0605213312888969,101.48167111450056,5286587.864939343,94448.88719406878,10.0,sdf_meridian_v0.1,34.0,210.45,24.05000000000001
sample_060,C_Inco718_RPM11292_T650_OR356_BR87.5,60,D:\sdfdata\data\raw\pdf\sample_060.pdf,D:\sdfdata\data\processed\meridian_samples\sample_060.npz,D:\sdfdata\data\reports\figures\pdf_contour_overlay\sample_060.png,vector,True,,Inco718,11292.0,650.0,87.5,356.0,96.3,11526.989578143788,13134999.021014296,17.698590825868646,96.30051832873474,0.2824914408629831,0.3252450036376086,0.6174519621688707,0.0573030341935207,107.57564198210709,5620056.360775275,82005.72711499846,10.0,sdf_meridian_v0.1,38.93300000000001,205.817,23.75
sample_092,C_Inco718_RPM11292_T650_OR356_BR87.5,92,D:\sdfdata\data\raw\pdf\sample_092.pdf,D:\sdfdata\data\processed\meridian_samples\sample_092.npz,D:\sdfdata\data\reports\figures\pdf_contour_overlay\sample_092.png,vector,True,,Inco718,11292.0,650.0,87.5,356.0,96.3,12202.577182151312,14090383.952773487,20.010828685594063,96.30051832873474,0.2945714396909686,0.2899850523168908,0.645659112026825,0.064355835656284,115.40024457321483,6101649.93992601,72530.02024004445,10.0,sdf_meridian_v0.1,37.733,202.717,28.05000000000001
sample_042,C_Inco718_RPM11292_T650_OR356_BR87.5,42,D:\sdfdata\data\raw\pdf\sample_042.pdf,D:\sdfdata\data\processed\meridian_samples\sample_042.npz,D:\sdfdata\data\reports\figures\pdf_contour_overlay\sample_042.png,vector,True,,Inco718,11292.0,650.0,87.5,356.0,96.3,11657.942742271222,13318774.705878297,18.974226567251154,96.30051832873474,0.2838579424890087,0.330906628290866,0.6017946330314061,0.0672987386777279,109.08076484114324,5739513.792506766,76492.48861037847,10.0,sdf_meridian_v0.1,40.267,200.483,27.75
sample_059,C_Inco718_RPM11292_T650_OR356_BR87.5,59,D:\sdfdata\data\raw\pdf\sample_059.pdf,D:\sdfdata\data\processed\meridian_samples\sample_059.npz,D:\sdfdata\data\reports\figures\pdf_contour_overlay\sample_059.png,vector,True,,Inco718,11292.0,650.0,87.5,356.0,96.3,11411.016677174275,12883563.629879525,15.760280514471868,96.30051832873474,0.2889933951232569,0.328923476005188,0.6021616947686986,0.0689148292261132,105.5163861287133,5450776.947582957,92091.3690751548,10.0,sdf_meridian_v0.1,39.6,200.75000000000003,28.149999999999977
sample_091,C_Inco718_RPM11292_T650_OR356_BR87.5,91,D:\sdfdata\data\raw\pdf\sample_091.pdf,D:\sdfdata\data\processed\meridian_samples\sample_091.npz,D:\sdfdata\data\reports\figures\pdf_contour_overlay\sample_091.png,vector,True,,Inco718,11292.0,650.0,87.5,356.0,96.3,11270.227028340843,12877764.865801755,17.793645903007402,96.30051832873474,0.2925768601770697,0.2945424307409515,0.6441857411702919,0.0612718280887566,105.46889425091636,5561915.375226542,81567.64597304327,10.0,sdf_meridian_v0.1,35.0,208.95,24.55000000000001
sample_049,C_Inco718_RPM11292_T650_OR356_BR87.5,49,D:\sdfdata\data\raw\pdf\sample_049.pdf,D:\sdfdata\data\processed\meridian_samples\sample_049.npz,D:\sdfdata\data\reports\figures\pdf_contour_overlay\sample_049.png,vector,True,,Inco718,11292.0,650.0,87.5,356.0,96.3,10812.204992771964,12280155.841780154,16.782583422945393,96.30051832873474,0.2933986731499708,0.3067092651757188,0.6292104062072114,0.0640803286170698,100.57447634417946,5301361.488294976,86481.6681084894,10.0,sdf_meridian_v0.1,34.400000000000006,209.15,24.94999999999999
sample_089,C_Inco718_RPM11292_T650_OR356_BR87.5,89,D:\sdfdata\data\raw\pdf\sample_089.pdf,D:\sdfdata\data\processed\meridian_samples\sample_089.npz,D:\sdfdata\data\reports\figures\pdf_contour_overlay\sample_089.png,vector,True,,Inco718,11292.0,650.0,87.5,356.0,96.3,11570.32465274051,13331871.153857991,20.04855943774009,96.30051832873474,0.2879789410694315,0.3054750127920859,0.6075388026607539,0.0869861845471601,109.18802475009696,5856561.466970889,72393.52104541045,10.0,sdf_meridian_v0.1,37.2,195.55,35.75
sample_108,C_Inco718_RPM11292_T650_OR356_BR87.5,108,D:\sdfdata\data\raw\pdf\sample_108.pdf,D:\sdfdata\data\processed\meridian_samples\sample_108.npz,D:\sdfdata\data\reports\figures\pdf_contour_overlay\sample_108.png,vector,True,,Inco718,11292.0,650.0,87.5,356.0,96.3,11863.90582812551,13630173.611421816,19.5584809507947,96.30051832873474,0.2872365347873212,0.3072061208366252,0.626387791592166,0.0664060875712087,111.63112187754469,5896257.039372904,74207.49153462386,10.0,sdf_meridian_v0.1,37.867,202.283,28.350000000000023
sample_125,C_Inco718_RPM11292_T650_OR356_BR87.5,125,D:\sdfdata\data\raw\pdf\sample_125.pdf,D:\sdfdata\data\processed\meridian_samples\sample_125.npz,D:\sdfdata\data\reports\figures\pdf_contour_overlay\sample_125.png,vector,True,,Inco718,11292.0,650.0,87.5,356.0,96.3,10994.194080291529,12520882.006538734,16.046486048104228,96.30051832873474,0.2860873355614906,0.3019477605241899,0.6149358226371062,0.0831164168387038,102.54602363355222,5424344.653920848,90448.82507205804,10.0,sdf_meridian_v0.1,34.667,200.983,32.85000000000002
sample_022,C_Inco718_RPM11292_T650_OR356_BR87.5,22,D:\sdfdata\data\raw\pdf\sample_022.pdf,D:\sdfdata\data\processed\meridian_samples\sample_022.npz,D:\sdfdata\data\reports\figures\pdf_contour_overlay\sample_022.png,vector,True,,Inco718,11292.0,650.0,87.5,356.0,96.3,11086.830645147538,12598997.83191939,16.332610726668513,96.30051832873474,0.2876004489199808,0.309157248375901,0.6029189285396458,0.0879238230844531,103.1857922434198,5455584.752794076,88864.28715381805,10.0,sdf_meridian_v0.1,36.06699999999999,197.783,34.64999999999998
sample_058,C_Inco718_RPM11292_T650_OR356_BR87.5,58,D:\sdfdata\data\raw\pdf\sample_058.pdf,D:\sdfdata\data\processed\meridian_samples\sample_058.npz,D:\sdfdata\data\reports\figures\pdf_contour_overlay\sample_058.png,vector,True,,Inco718,11292.0,650.0,87.5,356.0,96.3,11161.932841574187,12736536.64715191,17.018539682730317,96.30051832873474,0.2886659711291899,0.288038192909557,0.6445937582883918,0.0673680488020511,104.31223514017414,5498608.2535058325,85282.62921753524,10.0,sdf_meridian_v0.1,34.06699999999999,207.783,26.649999999999977
sample_145,C_Inco718_RPM11292_T650_OR356_BR87.5,145,D:\sdfdata\data\raw\pdf\sample_145.pdf,D:\sdfdata\data\processed\meridian_samples\sample_145.npz,D:\sdfdata\data\reports\figures\pdf_contour_overlay\sample_145.png,vector,True,,Inco718,11292.0,650.0,87.5,356.0,96.3,10999.944019462248,12456664.470763138,17.086545442605914,96.30051832873474,0.2845315649315323,0.3213276519398968,0.6101368019735367,0.0685355460865664,102.02008201555007,5356316.704793507,84943.19781967845,10.0,sdf_meridian_v0.1,36.867,204.783,26.850000000000023
sample_130,C_Inco718_RPM11292_T650_OR356_BR87.5,130,D:\sdfdata\data\raw\pdf\sample_130.pdf,D:\sdfdata\data\processed\meridian_samples\sample_130.npz,D:\sdfdata\data\reports\figures\pdf_contour_overlay\sample_130.png,vector,True,,Inco718,11292.0,650.0,87.5,356.0,96.3,11510.079839526645,13078573.144162076,16.942987423522773,96.30051832873474,0.2879405475894843,0.3166645241462056,0.6152033251917556,0.0681321506620388,107.1135140506874,5585161.025514995,85662.92196919004,10.0,sdf_meridian_v0.1,38.8,201.85,27.850000000000023
sample_038,C_Inco718_RPM11292_T650_OR356_BR87.5,38,D:\sdfdata\data\raw\pdf\sample_038.pdf,D:\sdfdata\data\processed\meridian_samples\sample_038.npz,D:\sdfdata\data\reports\figures\pdf_contour_overlay\sample_038.png,vector,True,,Inco718,11292.0,650.0,87.5,356.0,96.3,11740.567935822932,13467895.309615148,19.84990320009449,96.30051832873474,0.2860588655692493,0.3196235768600596,0.6079485779103474,0.0724278452295929,110.30206258574806,5847566.008434551,73118.029592169,10.0,sdf_meridian_v0.1,39.867,198.083,30.55000000000001
sample_141,C_Inco718_RPM11292_T650_OR356_BR87.5,141,D:\sdfdata\data\raw\pdf\sample_141.pdf,D:\sdfdata\data\processed\meridian_samples\sample_141.npz,D:\sdfdata\data\reports\figures\pdf_contour_overlay\sample_141.png,vector,True,,Inco718,11292.0,650.0,87.5,356.0,96.3,11092.975668740017,12604374.197479663,17.541226586796093,96.30051832873474,0.286190221916474,0.3089033176198523,0.6175842746597883,0.0735124077203593,103.22982467735844,5445437.019695435,82741.40935381962,10.0,sdf_meridian_v0.1,35.733000000000004,203.917,28.850000000000023
sample_002,C_Inco718_RPM11292_T650_OR356_BR87.5,2,D:\sdfdata\data\raw\pdf\sample_002.pdf,D:\sdfdata\data\processed\meridian_samples\sample_002.npz,D:\sdfdata\data\reports\figures\pdf_contour_overlay\sample_002.png,vector,True,,Inco718,11292.0,650.0,87.5,356.0,96.3,10869.4435914547,12374253.457535077,16.60490767448963,96.30051832873474,0.2848194924777254,0.2956051938617997,0.6144102424407518,0.0899845636974484,101.34513581721224,5396407.821963053,87407.03881274723,10.0,sdf_meridian_v0.1,33.533,199.617,35.35000000000002
sample_053,C_Inco718_RPM11292_T650_OR356_BR87.5,53,D:\sdfdata\data\raw\pdf\sample_053.pdf,D:\sdfdata\data\processed\meridian_samples\sample_053.npz,D:\sdfdata\data\reports\figures\pdf_contour_overlay\sample_053.png,vector,True,,Inco718,11292.0,650.0,87.5,356.0,96.3,11376.630969229487,13087535.309433917,19.88008034075831,96.30051832873474,0.2946589889132953,0.292082213164513,0.630300927933397,0.07761685890209,107.18691418426376,5747253.721241407,73007.03944392799,10.0,sdf_meridian_v0.1,35.06699999999999,201.283,32.14999999999998
sample_131,C_Inco718_RPM11292_T650_OR356_BR87.5,131,D:\sdfdata\data\raw\pdf\sample_131.pdf,D:\sdfdata\data\processed\meridian_samples\sample_131.npz,D:\sdfdata\data\reports\figures\pdf_contour_overlay\sample_131.png,vector,True,,Inco718,11292.0,650.0,87.5,356.0,96.3,11378.612678912235,13103144.61975659,19.384355264334204,96.30051832873474,0.2805022695583141,0.2825804213994624,0.6373016561172288,0.0801179224833087,107.31475443580646,5752191.9292712165,74874.08220672901,10.0,sdf_meridian_v0.1,33.867000000000004,202.283,32.35000000000002
sample_104,C_Inco718_RPM11292_T650_OR356_BR87.5,104,D:\sdfdata\data\raw\pdf\sample_104.pdf,D:\sdfdata\data\processed\meridian_samples\sample_104.npz,D:\sdfdata\data\reports\figures\pdf_contour_overlay\sample_104.png,vector,True,,Inco718,11292.0,650.0,87.5,356.0,96.3,11209.197406104837,12704777.45800514,16.87733945969073,96.30051832873474,0.2890035478462763,0.3156829085787226,0.6196135393283155,0.0647035520929618,104.0521273810621,5432072.356850255,85996.12593280122,10.0,sdf_meridian_v0.1,37.6,204.55,26.350000000000023
sample_100,C_Inco718_RPM11292_T650_OR356_BR87.5,100,D:\sdfdata\data\raw\pdf\sample_100.pdf,D:\sdfdata\data\processed\meridian_samples\sample_100.npz,D:\sdfdata\data\reports\figures\pdf_contour_overlay\sample_100.png,vector,True,,Inco718,11292.0,650.0,87.5,356.0,96.3,11475.093369397808,13068673.088250987,17.263569028824826,96.30051832873474,0.2939423003196184,0.2988950513779612,0.6489100993163937,0.0521948493056451,107.03243259277558,5574075.945403233,84072.17575710062,10.0,sdf_meridian_v0.1,35.599999999999994,210.95,21.94999999999999
sample_117,C_Inco718_RPM11292_T650_OR356_BR87.5,117,D:\sdfdata\data\raw\pdf\sample_117.pdf,D:\sdfdata\data\processed\meridian_samples\sample_117.npz,D:\sdfdata\data\reports\figures\pdf_contour_overlay\sample_117.png,vector,True,,Inco718,11292.0,650.0,87.5,356.0,96.3,10888.750474222596,12276940.617253829,16.11719669337357,96.30051832873474,0.2811644670674412,0.3442088091353997,0.5747688961392061,0.0810222947253942,100.54814365530883,5277447.851498719,90052.0008037702,10.0,sdf_meridian_v0.1,39.2,197.75,31.55000000000001
sample_088,C_Inco718_RPM11292_T650_OR356_BR87.5,88,D:\sdfdata\data\raw\pdf\sample_088.pdf,D:\sdfdata\data\processed\meridian_samples\sample_088.npz,D:\sdfdata\data\reports\figures\pdf_contour_overlay\sample_088.png,vector,True,,Inco718,11292.0,650.0,87.5,356.0,96.3,10704.629529183978,12041315.887930196,14.65306516103102,96.30051832873474,0.2806315890420143,0.3202249781015167,0.5972523166290167,0.0825227052694666,98.6183771221483,5157655.564124105,99049.9798940413,10.0,sdf_meridian_v0.1,35.667,200.783,32.05000000000001
sample_075,C_Inco718_RPM11292_T650_OR356_BR87.5,75,D:\sdfdata\data\raw\pdf\sample_075.pdf,D:\sdfdata\data\processed\meridian_samples\sample_075.npz,D:\sdfdata\data\reports\figures\pdf_contour_overlay\sample_075.png,vector,True,,Inco718,11292.0,650.0,87.5,356.0,96.3,11442.208273861324,12924713.711145287,15.91537596694544,96.30051832873474,0.2767159689735298,0.3464689143744072,0.5874795205656635,0.0660515650599292,105.8534052942799,5467285.590326773,91193.93802575416,10.0,sdf_meridian_v0.1,41.267,199.983,27.25
sample_122,C_Inco718_RPM11292_T650_OR356_BR87.5,122,D:\sdfdata\data\raw\pdf\sample_122.pdf,D:\sdfdata\data\processed\meridian_samples\sample_122.npz,D:\sdfdata\data\reports\figures\pdf_contour_overlay\sample_122.png,vector,True,,Inco718,11292.0,650.0,87.5,356.0,96.3,11819.219636895365,13523102.857112585,18.578188801489603,96.30051832873474,0.2857131467872486,0.3175159634405909,0.6025207629063896,0.0799632736530194,110.75421239975206,5835015.735932225,78123.10581480511,10.0,sdf_meridian_v0.1,39.667,195.083,33.75
sample_150,C_Inco718_RPM11292_T650_OR356_BR87.5,150,D:\sdfdata\data\raw\pdf\sample_150.pdf,D:\sdfdata\data\processed\meridian_samples\sample_150.npz,D:\sdfdata\data\reports\figures\pdf_contour_overlay\sample_150.png,vector,True,,Inco718,11292.0,650.0,87.5,356.0,96.3,10578.06613525978,11881516.369603457,15.431844748691832,96.30051832873474,0.2933938833452706,0.3137620668749709,0.6239332182996782,0.0623047148253509,97.30961906705232,5061845.276246861,94051.34857316618,10.0,sdf_meridian_v0.1,34.8,210.15,23.55000000000001
sample_021,C_Inco718_RPM11292_T650_OR356_BR87.5,21,D:\sdfdata\data\raw\pdf\sample_021.pdf,D:\sdfdata\data\processed\meridian_samples\sample_021.npz,D:\sdfdata\data\reports\figures\pdf_contour_overlay\sample_021.png,vector,True,,Inco718,11292.0,650.0,87.5,356.0,96.3,11461.796419147331,13090234.004280888,17.42735935425101,96.30051832873474,0.2888698820174135,0.299134627803849,0.6462737331553795,0.0545916390407715,107.20901649506048,5610816.02925078,83282.02684545933,10.0,sdf_meridian_v0.1,36.0,210.35,22.149999999999977
sample_072,C_Inco718_RPM11292_T650_OR356_BR87.5,72,D:\sdfdata\data\raw\pdf\sample_072.pdf,D:\sdfdata\data\processed\meridian_samples\sample_072.npz,D:\sdfdata\data\reports\figures\pdf_contour_overlay\sample_072.png,vector,True,,Inco718,11292.0,650.0,87.5,356.0,96.3,11722.5013285926,13370420.234991396,17.513026843366568,96.30051832873474,0.2777561107922142,0.329096877367225,0.5901860112785119,0.0807171113542631,109.50374172457953,5744757.688809579,82874.64083548429,10.0,sdf_meridian_v0.1,40.53299999999999,193.617,34.35000000000002
sample_107,C_Inco718_RPM11292_T650_OR356_BR87.5,107,D:\sdfdata\data\raw\pdf\sample_107.pdf,D:\sdfdata\data\processed\meridian_samples\sample_107.npz,D:\sdfdata\data\reports\figures\pdf_contour_overlay\sample_107.png,vector,True,,Inco718,11292.0,650.0,87.5,356.0,96.3,11503.13724156552,13125705.419809967,18.35646222915988,96.30051832873474,0.2924834702914212,0.3168389005617255,0.617383474122036,0.0657776253162385,107.49952738824362,5653332.156820946,79066.74997977677,10.0,sdf_meridian_v0.1,38.667,202.283,27.55000000000001
sample_015,C_Inco718_RPM11292_T650_OR356_BR87.5,15,D:\sdfdata\data\raw\pdf\sample_015.pdf,D:\sdfdata\data\processed\meridian_samples\sample_015.npz,D:\sdfdata\data\reports\figures\pdf_contour_overlay\sample_015.png,vector,True,,Inco718,11292.0,650.0,87.5,356.0,96.3,11462.437011239206,13102700.058521152,18.30269138388722,96.30051832873474,0.2887492695698361,0.3083014158454189,0.6202607909799027,0.0714377931746783,107.31111347928824,5667875.146263391,79299.03745543824,10.0,sdf_meridian_v0.1,36.667,202.383,29.44999999999999
sample_093,C_Inco718_RPM11292_T650_OR356_BR87.5,93,D:\sdfdata\data\raw\pdf\sample_093.pdf,D:\sdfdata\data\processed\meridian_samples\sample_093.npz,D:\sdfdata\data\reports\figures\pdf_contour_overlay\sample_093.png,vector,True,,Inco718,11292.0,650.0,87.5,356.0,96.3,10911.697533661669,12348878.70715633,16.57979635844258,96.30051832873474,0.2805976069148893,0.3144563054098064,0.6046679934865207,0.0808757011036728,101.13731661161034,5327579.523336345,87539.42317555312,10.0,sdf_meridian_v0.1,36.267,200.58300000000003,31.649999999999977
sample_103,C_Inco718_RPM11292_T650_OR356_BR87.5,103,D:\sdfdata\data\raw\pdf\sample_103.pdf,D:\sdfdata\data\processed\meridian_samples\sample_103.npz,D:\sdfdata\data\reports\figures\pdf_contour_overlay\sample_103.png,vector,True,,Inco718,11292.0,650.0,87.5,356.0,96.3,12104.032496207534,13812428.168005051,18.29708001773436,96.30051832873474,0.2760084906720111,0.3365521737358921,0.6036751823330481,0.0597726439310597,113.12378669596136,5874699.760049323,79323.35696075279,10.0,sdf_meridian_v0.1,42.46700000000001,200.183,25.850000000000023
